Workbook

Sheet Instructions
A1: Day 04 — Activity 3: KPI Dashboard Practice (Video Follow-Along)
A2: Data Analytics Level III | Formative Practice (Video Follow-Along)
A5: INSTRUCTIONS:
A7: This dataset is for the KPI Dashboard video follow-along practice.
A8: Watch the recorded video on the LMS and replicate every step below
A9: on this dataset (Tita Boba — Milk Tea & Coffee Shop).
A11: WHAT YOU WILL BUILD (on the 'Dashboard' sheet):
A13: 1. KPI SUMMARY
A14: • Total Revenue, Average Sale, Number of Transactions
A15: • Highest Single Sale, Lowest Single Sale
A17: 2. CONDITIONAL FORMATTING
A18: • Data Bars on a monthly totals table
... A30: Upload to LMS before the next session.

Sheet Sales Data
A1: Tita Boba — Milk Tea & Coffee Shop | 2025 Sales
A3: Transaction ID | B3: Month | C3: Product Category | D3: Product Name | E3: Units Sold | F3: Sales Amount (₱)
A4: TXN-001 | B4: January | C4: Milk Tea | D4: Classic Milk Tea (24-cup tray) | E4: 24 | F4: 2400
A5: TXN-002 | B5: January | C5: Coffee | D5: Iced Coffee (12-cup) | E5: 12 | F5: 1320
A6: TXN-003 | B6: January | C6: Snacks | D6: Cheese Sticks (50 pcs) | E6: 50 | F6: 1500
A7: TXN-004 | B7: February | C7: Milk Tea | D7: Valentine's Special (50-cup) | E7: 50 | F7: 7500
A8: TXN-005 | B8: February | C8: Add-ons | D8: Heart Toppings (200 pcs) | E8: 200 | F8: 2000
A9: TXN-006 | B9: February | C9: Milk Tea | D9: Couples Set (paired drinks) | E9: 30 | F9: 4500
A10: TXN-007 | B10: February | C10: Coffee | D10: Hot Latte (20-cup) | E10: 20 | F10: 2400
A11: TXN-008 | B11: March | C11: Milk Tea | D11: Wintermelon (24-cup) | E11: 24 | F11: 2640
A12: TXN-009 | B12: March | C12: Snacks | D12: Fries (40 orders) | E12: 40 | F12: 2000
A13: TXN-010 | B13: March | C13: Coffee | D13: Iced Americano (15-cup) | E13: 15 | F13: 1500
A14: TXN-011 | B14: April | C14: Milk Tea | D14: Mango Float Tea (30-cup) | E14: 15 | F14: 3900
A15: TXN-012 | B15: April | C15: Add-ons | D15: Sago Pearls (5kg bag) | E15: 15 | F15: 1250
... A43: TXN-040 | B43: December | C43: Milk Tea | D43: New Year Bundle (40-cup) | E43: 15 | F43: 5600

Sheet Dashboard
A1: YOUR DASHBOARD
E2: Build your KPI summary, conditional formatting, and charts here while following the video.
N3: INTERPRETATION
A4: KPI SUMARRY | N4: Tita Boba is a highly seasonal, milktea centric shop. The business relies heavily on bulk orders to achieve spike revenue month like May, while standard day-to-day retail sales drop significantly during off-peak months.
A5: TOTAL REVENUE | B5: =SUM('Sales Data'!F5:F44) -> 123390
A6: AVERAGE SALE | B6: =AVERAGE('Sales Data'!F5:F44) -> 3163.8462
A7: TRANSACTION | B7: =COUNT('Sales Data'!F5:F44) -> 39
A8: HIGHEST SALE | B8: =MAX('Sales Data'!F5:F44) -> 20000
A9: LOWEST SALE | B9: =MIN('Sales Data'!F4:F43) -> 750
A12: CONDITIONAL FORMATING
A13: JANUARY | B13: FEBRUARY | C13: MARCH | D13: APRIL | E13: MAY | F13: JUNE | G13: JULY | H13: AUGUST | I13: SEPTEMBER | J13: OCTOBER | K13: NOVEMBER | L13: DECEMBER
A14: =SUMIF('Sales Data'!B4:'Sales Data'!B43,"JANUARY",'Sales Data'!F4:F43) -> 5220 | B14: =SUMIF('Sales Data'!B4:'Sales Data'!B43,"FEBRUARY",'Sales Data'!F4:F43) -> 16400 | C14: =SUMIF('Sales Data'!B4:'Sales Data'!B43,"MARCH",'Sales Data'!F4:F43) -> 6140 | D14: =SUMIF('Sales Data'!B4:'Sales Data'!B43,"APRIL",'Sales Data'!F4:F43) -> 6650 | E14: =SUMIF('Sales Data'!B4:'Sales Data'!B43,"MAY",'Sales Data'!F4:F43) -> 30300 | F14: =SUMIF('Sales Data'!B4:'Sales Data'!B43,"JUNE",'Sales Data'!F4:F43) -> 6450 | G14: =SUMIF('Sales Data'!B4:'Sales Data'!B43,"JULY",'Sales Data'!F4:F43) -> 5630 | H14: =SUMIF('Sales Data'!B4:'Sales Data'!B43,"AUGUST",'Sales Data'!F4:F43) -> 5200 | I14: =SUMIF('Sales Data'!B4:'Sales Data'!B43,"SEPTEMBER",'Sales Data'!F4:F43) -> 5700 | J14: =SUMIF('Sales Data'!B4:'Sales Data'!B43,"OCTOBER",'Sales Data'!F4:F43) -> 9000 | K14: =SUMIF('Sales Data'!B4:'Sales Data'!B43,"NOVEMBER",'Sales Data'!F4:F43) -> 7600 | L14: =SUMIF('Sales Data'!B4:'Sales Data'!B43,"DECEMBER",'Sales Data'!F4:F43) -> 21500
A17: CHARTS
A18: PRODUCT CATEGORY | B18: TOTAL SALES
A19: Milk Tea | B19: =SUMIF('Sales Data'!C4:C43,A19,'Sales Data'!E4:E43) -> 293 | P19: s
A20: Coffee | B20: =SUMIF('Sales Data'!C4:C43,A20,'Sales Data'!E4:E43) -> 152
A21: Snacks | B21: =SUMIF('Sales Data'!C4:C43,A21,'Sales Data'!E4:E43) -> 195
A22: Add-ons | B22: =SUMIF('Sales Data'!C4:C43,A22,'Sales Data'!E4:E43) -> 275
